<?xml version="1.0" encoding="UTF-8" standalone="yes"?>
<addon id="plugin.video.DArte"
       name="[COLOR gray]D[/COLOR][COLOR white]´[/COLOR][COLOR darkgray]ARTE[/COLOR]" 
       version="0.0.1"
       provider-name="ERDL - D´ARTE">
  <requires>
    <import addon="xbmc.python" version="2.1.0"/>
    <import addon="script.module.beautifulsoup" version="3.2.1"/>
    <import addon="script.module.simple.downloader" version="0.9.4"/>
    <import addon="script.module.beautifulsoup4" />
    <import addon="script.module.requests" />
    <import addon="script.module.httplib2" />
    <import addon="script.module.liveresolver" version="0.1.24" optional="true"/>
    <import addon="script.module.youtube.dl" />
    <import addon="plugin.video.youtube"  />
    <import addon="script.module.urlresolver" />
    <import addon="script.module.simplejson" />    
     <import addon="script.module.livestreamer" optional="true"/>
     <import addon="script.module.pyamf" optional="true"/>
  </requires>
  <extension point="xbmc.python.pluginsource" library="default.py">
    <provides>video</provides>
  </extension> 

	<extension point="xbmc.addon.repository" name="El Rincon De Lolo">
        <info>https://raw.githubusercontent.com/djliptv/ElRinconDelLolo/master/RepoERDL/Repositorio/addons.xml</info>
        <checksum>https://raw.githubusercontent.com/djliptv/ElRinconDelLolo/master/RepoERDL/Repositorio/addons.xml.md5</checksum>
        <datadir zip="true">https://raw.githubusercontent.com/djliptv/ElRinconDelLolo/master/RepoERDL/Repositorio/</datadir>
    </extension>  

  <extension point="xbmc.addon.metadata">
    <summary>[COLOR gray]D[/COLOR][COLOR white]´[/COLOR][COLOR darkgray]ARTE[/COLOR] Addon</summary>
    <description>[COLOR gray]D[/COLOR][COLOR white]´[/COLOR][COLOR darkgray]ARTE[/COLOR] Kodi Addon.
Creado por: ERDl y D´Arte.
Copyright 2018.
ERDL - D´ARTE GNU/GPU 2018 LICENSE.</description>
    <platform>all</platform>
  </extension>
</addon>
