<?xml version="1.0" encoding="UTF-8" standalone="yes"?>
<addon id="plugin.video.Elrincondelterror"
       name="[COLOR red]EL RINCON DEL TERROR[/COLOR]" 
       version="0.0.6"
       provider-name="ERDL">
  <requires>
    <import addon="xbmc.python" version="2.1.0"/>
    <import addon="script.module.beautifulsoup" version="3.2.1"/>
    <import addon="script.module.simple.downloader" version="0.9.4"/>
    <import addon="script.module.beautifulsoup4" />
    <import addon="script.module.requests" />
    <import addon="script.module.httplib2" />
    <import addon="script.module.liveresolver" version="0.1.24" optional="true"/>
    <import addon="script.module.youtube.dl" />
    <import addon="plugin.video.youtube"  />
    <import addon="script.module.urlresolver" />
    <import addon="script.module.simplejson" />    
     <import addon="script.module.livestreamer" optional="true"/>
     <import addon="script.module.pyamf" optional="true"/>
  </requires>
  <extension point="xbmc.python.pluginsource" library="default.py">
    <provides>video</provides>
  </extension> 

  <extension point="xbmc.addon.metadata">
    <summary>Creado por ERDL</summary>
    <description>El rincón lo peta con con la vuelta de su addon más terrorificooo.</description>
    <platform>all</platform>
  </extension>
</addon>
