<?xml version="1.0" encoding="UTF-8" standalone="yes"?>
<addon id="plugin.video.Wizard.Kodi.Leia"
	   name="Kodi.Leia.Wizard" 
	   version="1.0.2" 
	   provider-name="Leia"> 
  <requires>
    <import addon="xbmc.python" version="2.1.0"/>
  </requires>
  <extension point="xbmc.python.pluginsource" library="default.py">
        <provides>executable</provides>
  </extension>
  <extension point="xbmc.addon.metadata">
    <summary>Wizard</summary>
    <description>Instalador inteligente que ayuda a configurar tu Kodi correctamente. Grupo telegram kodi18. 11.05.2017</description> <!-- PEQUEÑA INTRO  -->
    <platform>all</platform>
  </extension>
</addon>
